epoch,step,test_acc,test_loss
0,0,0.47833332419395447,1.1425273418426514
