epoch,step,train_acc,train_loss,val_acc,val_loss
0,174,,,0.5316666960716248,1.0928750038146973
0,174,0.4449999928474426,1.2135510444641113,,
1,349,,,0.4566666781902313,1.1059491634368896
1,349,0.49321427941322327,1.140400767326355,,
2,524,,,0.4416666626930237,1.121735692024231
2,524,0.5303571224212646,1.097597599029541,,
