epoch,train_loss,train_acc,val_acc
1,1.205145092010498,45.07142857142858,48.16666666666667
2,1.143356887272426,49.714285714285715,46.666666666666664
3,1.0940724103791373,52.107142857142854,53.333333333333336
4,1.0274357659476143,55.392857142857146,61.66666666666667
5,0.9942667378698077,57.214285714285715,49.166666666666664
