epoch,train_loss,train_acc,val_acc
1,1.2099247315951756,44.892857142857146,43.833333333333336
