epoch,train_loss,train_acc,val_loss,val_acc
1,1.2059920239448547,44.07142857142857,1.0791750016965365,49.666666666666664
